147,1/1/2016,1,0.08, ,0, ,288, ,5.6, ,65.2, ,39.5, ,50.7, ,68, ,20, ,44, ,29.7, ,3.1, ,75.1, ,54.0, 
147,1/2/2016,2,0.08, ,0, ,262, ,6.3, ,64.1, ,40.2, ,51.0, ,72, ,26, ,49, ,32.8, ,4.4, ,106.4, ,53.8, 
147,1/3/2016,3,0.08, ,0.00, ,252, ,8.5, ,63.5, ,42.3, ,53.7, ,76, ,42, ,61, ,40.5, ,4.4, ,106.3, ,54.2, 
147,1/4/2016,4,0.05, ,0.23, ,186, ,12.9, ,64.0, ,53.5, ,58.3, ,95, ,67, ,77, ,51.2, ,3.9, ,94.1, ,55.5, 
147,1/5/2016,5,0.01, ,0.84, ,52, ,13.4, ,58.9, ,49.4, ,55.1, ,96, ,79, ,90, ,52.4, ,4.6, ,110.8, ,56.6, 
147,1/6/2016,6,0.03, ,0.35, ,145, ,11.9, ,59.5, ,46.6, ,52.3, ,95, ,71, ,89, ,49.1, ,4.2, ,99.8, ,56.0, 
147,1/7/2016,7,0.04, ,0.59, ,157, ,10.8, ,57.7, ,46.8, ,52.1, ,92, ,62, ,82, ,46.6, ,4.8, ,115.9, ,55.5, 
147,1/8/2016,8,0.06, ,0.03, ,277, ,10.0, ,61.2, ,44.6, ,51.2, ,94, ,50, ,78, ,44.6, ,3.4, ,82.3, ,55.2, 
147,1/9/2016,9,0.06, ,0, ,255, ,9.6, ,61.1, ,42.4, ,51.2, ,89, ,52, ,75, ,43.5, ,3.8, ,90.1, ,54.9, 
147,1/10/2016,10,0.02, ,0.00, ,117, ,11.9, ,59.6, ,50.6, ,54.5, ,91, ,71, ,82, ,49.2, ,1.6,Y,38.9,Y,55.8, 
147,1/11/2016,11,0.06, ,0, ,249, ,8.0, ,65.6, ,44.8, ,53.7, ,94, ,32, ,57, ,38.8, ,3.7, ,88.6, ,56.0, 
147,1/12/2016,12,0.09, ,0, ,327, ,5.8, ,71.0, ,39.5, ,52.2, ,65, ,19, ,43, ,30.6, ,4.4, ,106.7, ,55.1, 
147,1/13/2016,13,0.07, ,0, ,261, ,8.0, ,64.2, ,39.6, ,51.0, ,84, ,37, ,63, ,38.7, ,4.2, ,100.6, ,54.6, 
147,1/14/2016,14,0.08, ,0, ,309, ,10.1, ,64.1, ,43.4, ,51.9, ,92, ,54, ,76, ,44.7, ,4.4, ,105.7, ,55.0, 
147,1/15/2016,15,0.02, ,0, ,123, ,11.5, ,60.8, ,45.8, ,53.5, ,92, ,66, ,82, ,48.2, ,3.0, ,72.7, ,55.3, 
147,1/16/2016,16,0.07, ,0, ,273, ,11.6, ,66.6, ,47.0, ,54.9, ,92, ,56, ,79, ,48.4, ,3.6, ,87.2, ,55.9, 
147,1/17/2016,17,0.08, ,0, ,309, ,12.4, ,75.2, ,47.6, ,57.7, ,95, ,45, ,76, ,50.2, ,3.1, ,74.8, ,56.6, 
147,1/18/2016,18,0.06, ,0, ,232, ,13.2, ,64.8, ,51.9, ,57.0, ,97, ,66, ,83, ,51.9, ,3.8, ,91.4, ,57.3, 
147,1/19/2016,19,0.07, ,0.01, ,262, ,12.5, ,66.8, ,47.9, ,57.4, ,93, ,58, ,78, ,50.4, ,2.9, ,70.4, ,57.3, 
147,1/20/2016,20,0.08, ,0, ,309, ,14.0, ,69.9, ,50.6, ,58.1, ,97, ,62, ,85, ,53.6, ,3.0, ,71.2, ,58.0, 
147,1/21/2016,21,0.09, ,0, ,305, ,11.7, ,73.4, ,46.8, ,58.1, ,100, ,34, ,71, ,48.8, ,3.2, ,77.5, ,58.4, 
147,1/22/2016,22,0.08, ,0, ,250, ,8.9, ,70.7, ,45.8, ,56.8, ,83, ,31, ,57, ,41.6, ,3.5, ,84.7, ,57.7, 
147,1/23/2016,23,0.05, ,0.02, ,216, ,11.9, ,65.8, ,45.9, ,55.1, ,96, ,56, ,80, ,49.2, ,3.3, ,79.7, ,57.4, 
147,1/24/2016,24,0.08, ,0.00, ,325, ,10.7, ,64.5, ,47.6, ,54.1, ,97, ,51, ,75, ,46.4, ,3.7, ,88.5, ,57.7, 
147,1/25/2016,25,0.10, ,0, ,336, ,9.2, ,70.0, ,44.2, ,55.2, ,86, ,34, ,62, ,42.3, ,4.0, ,96.4, ,57.2, 
147,1/26/2016,26,0.11, ,0, ,360, ,5.7, ,72.6, ,44.7, ,56.6, ,58, ,13, ,36, ,30.1, ,3.7, ,89.9, ,56.8, 
147,1/27/2016,27,0.10, ,0, ,236, ,5.5, ,71.9, ,44.3, ,57.3, ,59, ,18, ,34, ,29.2, ,4.8, ,115.7, ,56.2, 
147,1/28/2016,28,0.11, ,0, ,347, ,7.6, ,73.8, ,47.4, ,57.3, ,76, ,19, ,47, ,37.4, ,4.3, ,102.2, ,56.3, 
147,1/29/2016,29,0.11, ,0, ,337, ,7.8, ,73.9, ,46.5, ,57.6, ,72, ,26, ,48, ,38.2, ,4.0, ,96.4, ,56.7, 
147,1/30/2016,30,0.07, ,0, ,249, ,12.1, ,66.1, ,45.4, ,55.9, ,96, ,62, ,79, ,49.6, ,3.6, ,86.9, ,56.9, 
147,1/31/2016,31,0.03, ,0.39, ,79, ,12.7, ,58.0, ,48.4, ,55.0, ,99, ,53, ,86, ,51.0, ,9.1,R,218.0,R,57.6, 
147,2/1/2016,32,0.09, ,0.02, ,258, ,6.7, ,56.6, ,41.2, ,50.6, ,71, ,37, ,53, ,34.2, ,6.6,Y,157.5,Y,55.9, 
147,2/2/2016,33,0.09, ,0.00, ,372, ,6.6, ,58.8, ,36.5, ,46.8, ,81, ,34, ,60, ,33.8, ,5.3, ,127.2, ,54.7, 
147,2/3/2016,34,0.11, ,0, ,374, ,5.9, ,64.1, ,41.0, ,51.8, ,81, ,24, ,45, ,31.1, ,4.5, ,108.3, ,54.7, 
147,2/4/2016,35,0.11, ,0, ,387, ,5.4, ,72.7, ,40.4, ,54.0, ,65, ,16, ,38, ,28.9, ,4.0, ,96.3, ,54.7, 
147,2/5/2016,36,0.12, ,0, ,387, ,5.4, ,75.5, ,42.2, ,58.3, ,54, ,16, ,32, ,29.0, ,3.4, ,82.8, ,55.1, 
147,2/6/2016,37,0.13, ,0, ,394, ,5.6, ,78.3, ,46.6, ,61.1, ,49, ,16, ,31, ,30.0, ,3.6, ,85.3, ,55.5, 
147,2/7/2016,38,0.14, ,0, ,404, ,5.1, ,86.0,Y,47.9, ,64.5, ,44, ,11, ,25, ,27.7, ,4.9, ,117.4, ,55.8, 
147,2/8/2016,39,0.15, ,0, ,403, ,6.3, ,88.2,Y,50.7, ,67.9,Y,47, ,14, ,27,Y,32.6,Y,3.9, ,93.5, ,56.7, 
147,2/9/2016,40,0.16,R,0, ,409, ,6.4, ,90.5,Y,56.5,Y,70.6,Y,39, ,12, ,25,Y,33.0,Y,4.6, ,111.0, ,57.5, 
147,2/10/2016,41,0.17, ,0, ,405, ,6.7, ,90.8,Y,54.4, ,69.0,Y,51, ,13, ,28,Y,34.3,Y,5.5, ,131.4, ,57.8, 
147,2/11/2016,42,0.16, ,0, ,414, ,6.9, ,88.2,Y,55.5,Y,69.7,Y,44, ,14, ,28,Y,35.1,Y,5.1, ,121.6, ,58.0, 
147,2/12/2016,43,0.15, ,0, ,415, ,8.5, ,85.8,Y,51.9, ,68.0,Y,68, ,17, ,36,Y,40.2,Y,4.6, ,109.8, ,58.0, 
147,2/13/2016,44,0.13, ,0, ,410, ,11.0, ,81.5, ,49.7, ,62.2, ,91, ,26, ,58, ,47.1, ,3.9, ,93.1, ,58.2, 
147,2/14/2016,45,0.14, ,0, ,417, ,10.6, ,85.4,Y,48.1, ,65.9,Y,87, ,22, ,49,Y,46.0,Y,4.1, ,98.0, ,58.5, 
147,2/15/2016,46,0.18,R,0, ,417, ,9.0, ,90.4,Y,60.2,Y,73.1,R,48, ,17, ,--,R,--,I,5.4, ,128.9, ,59.2, 
147,2/16/2016,47,0.17,R,0, ,431, ,8.9, ,94.8,R,59.4,Y,72.6,R,51, ,12, ,--,R,--,I,5.6, ,135.3, ,59.8, 
147,2/17/2016,48,0.15, ,0.02, ,388, ,11.6, ,82.8, ,53.3, ,66.1,Y,94, ,20, ,53,Y,48.5,Y,4.7, ,112.9, ,59.8, 
147,2/18/2016,49,0.07, ,0.02, ,253, ,16.2,Y,71.7, ,53.6, ,63.2, ,95, ,66, ,82,Y,57.5,Y,3.3, ,79.8, ,60.3, 
147,2/19/2016,50,0.12, ,0, ,416, ,12.6, ,69.5, ,49.4, ,58.5, ,94, ,51, ,75, ,50.7, ,3.7, ,87.7, ,60.3, 
147,2/20/2016,51,0.12, ,0, ,437, ,11.4, ,73.1, ,44.8, ,56.8, ,94, ,42, ,72, ,48.0, ,3.9, ,94.7, ,59.7, 
147,2/21/2016,52,0.13, ,0, ,439, ,12.2, ,72.5, ,45.8, ,57.9, ,91, ,48, ,74, ,49.8, ,3.9, ,93.2, ,59.6, 
147,2/22/2016,53,0.14, ,0, ,449, ,10.7, ,79.4, ,48.3, ,61.2, ,90, ,29, ,58, ,46.4, ,3.8, ,92.0, ,59.8, 
147,2/23/2016,54,0.16, ,0.01, ,435, ,7.1, ,84.2,Y,51.5, ,67.8,Y,61,H,13,H,31,Y,35.8,Y,4.2, ,101.6, ,60.0, 
147,2/24/2016,55,0.17,R,0, ,463, ,5.5,Y,83.5,Y,53.5, ,68.8,R,45,H,12,H,--,R,--,I,4.3, ,102.1, ,60.1, 
147,2/25/2016,56,0.17, ,0.02, ,470, ,6.6, ,83.2,Y,51.5, ,64.5,Y,56, ,13, ,32,Y,34.0,Y,5.4, ,128.7, ,59.5, 
147,2/26/2016,57,0.14, ,0, ,428, ,9.7, ,78.3, ,49.2, ,62.6, ,89, ,20, ,50, ,43.8, ,4.1, ,98.2, ,59.5, 
147,2/27/2016,58,0.14, ,0, ,462, ,12.3, ,78.5, ,47.5, ,61.2, ,95, ,29, ,66, ,49.9, ,3.9, ,93.2, ,60.0, 
147,2/28/2016,59,0.14, ,0, ,459, ,12.9, ,74.2, ,49.0, ,60.4, ,94, ,46, ,72, ,51.3, ,3.2, ,78.0, ,60.4, 
147,2/29/2016,60,0.14, ,0, ,453, ,14.3, ,76.5, ,50.7, ,61.9, ,97, ,49, ,75, ,54.1, ,3.0, ,70.9, ,60.8, 
147,3/1/2016,61,0.14, ,0.04, ,464, ,13.4, ,77.2, ,45.9, ,61.3, ,96, ,42, ,72, ,52.3, ,2.8, ,67.4, ,61.1, 
147,3/2/2016,62,0.14, ,0, ,443, ,11.9, ,75.4, ,48.8, ,60.4, ,92, ,38, ,66, ,49.0, ,3.6, ,86.5, ,61.0, 
147,3/3/2016,63,0.12, ,0, ,409, ,12.6, ,74.6, ,46.4, ,58.2, ,94, ,48, ,76, ,50.8, ,3.4, ,81.8, ,60.8, 
147,3/4/2016,64,0.13, ,0, ,450, ,12.8, ,72.4, ,49.2, ,58.6, ,97, ,48, ,76, ,51.0, ,4.7, ,112.3, ,60.9, 
147,3/5/2016,65,0.11, ,0.03, ,386, ,13.7, ,72.6, ,52.0, ,60.7, ,96, ,49, ,76, ,53.0, ,4.5, ,108.1, ,61.3, 
147,3/6/2016,66,0.08, ,0.15, ,300, ,13.3, ,66.0, ,51.1, ,57.9, ,97, ,55, ,81, ,52.2, ,5.0, ,120.6, ,61.6, 
147,3/7/2016,67,0.05, ,0.42, ,222, ,10.3, ,58.1, ,45.6, ,50.8, ,93, ,54, ,82, ,45.4, ,3.9, ,93.8, ,60.2, 
147,3/8/2016,68,0.14, ,0.00, ,505, ,9.5, ,65.8, ,41.1, ,53.4, ,91, ,40, ,68, ,43.3, ,4.2, ,101.2, ,59.1, 
147,3/9/2016,69,0.15, ,0, ,499, ,10.9, ,73.0, ,44.6, ,57.5, ,92, ,35, ,67, ,46.8, ,4.4, ,104.5, ,59.5, 
147,3/10/2016,70,0.14, ,0, ,461, ,14.1, ,76.4, ,49.9, ,60.8, ,96, ,45, ,78, ,53.8, ,3.8, ,90.5, ,60.6, 
147,3/11/2016,71,0.11, ,0.16, ,378, ,13.2, ,66.9, ,51.4, ,57.3, ,98, ,56, ,82, ,51.9, ,4.7, ,112.6, ,61.6, 
147,3/12/2016,72,0.10, ,0.05, ,387, ,10.6, ,63.0, ,48.0, ,54.9, ,92, ,53, ,72, ,46.2, ,3.8, ,92.2, ,60.7, 
147,3/13/2016,73,0.13, ,0, ,469, ,11.3, ,65.3, ,49.4, ,57.2, ,87, ,55, ,71, ,47.8, ,4.8, ,114.2, ,60.7, 
147,3/14/2016,74,0.07, ,0, ,275, ,14.1, ,66.4, ,54.5, ,59.7, ,92, ,69, ,80, ,53.6, ,3.6, ,87.1, ,61.3, 
147,3/15/2016,75,0.15, ,0, ,515, ,14.1, ,73.4, ,51.1, ,60.6, ,97, ,54, ,78, ,53.8, ,3.5, ,84.6, ,61.9, 
147,3/16/2016,76,0.17, ,0, ,524, ,13.0, ,80.0, ,51.2, ,64.5, ,93, ,38, ,63, ,51.6, ,3.9, ,94.1, ,62.4, 
147,3/17/2016,77,0.16, ,0.03, ,529, ,13.2, ,76.5, ,50.5, ,62.0, ,93, ,41, ,70, ,52.0, ,3.2, ,76.4, ,62.7, 
147,3/18/2016,78,0.15, ,0, ,506, ,14.7, ,73.7, ,53.7, ,61.3, ,93, ,57, ,79, ,54.8, ,3.9, ,92.9, ,63.5, 
147,3/19/2016,79,0.15, ,0, ,515, ,14.0, ,70.4, ,52.2, ,60.0, ,94, ,60, ,79, ,53.5, ,3.5, ,84.8, ,64.0, 
147,3/20/2016,80,0.15, ,0, ,503, ,13.5, ,73.0, ,50.5, ,59.0, ,97, ,53, ,79, ,52.6, ,3.7, ,88.4, ,63.9, 
147,3/21/2016,81,0.15, ,0.00, ,500, ,13.7, ,71.2, ,50.7, ,59.3, ,97, ,57, ,79, ,52.9, ,4.0, ,96.6, ,63.8, 
147,3/22/2016,82,0.15, ,0.00, ,489, ,11.3, ,64.6, ,48.7, ,57.0, ,94, ,51, ,71, ,47.8, ,4.6, ,110.7, ,63.4, 
147,3/23/2016,83,0.19, ,0, ,565, ,7.9, ,76.6, ,45.8, ,60.4, ,85, ,21, ,44, ,38.5, ,5.2, ,124.5, ,62.5, 
147,3/24/2016,84,0.21, ,0, ,571, ,5.7,Y,79.9, ,48.3, ,63.0, ,55, ,11, ,29,Y,30.2,Y,5.2, ,124.6, ,62.0, 
147,3/25/2016,85,0.19, ,0.02, ,576, ,8.3, ,76.4, ,47.7, ,62.0, ,87, ,18, ,43, ,39.6, ,4.6, ,111.5, ,61.8, 
147,3/26/2016,86,0.17, ,0, ,554, ,12.7, ,70.7, ,47.2, ,58.8, ,92, ,54, ,75, ,51.0, ,4.7, ,111.9, ,62.5, 
147,3/27/2016,87,0.16, ,0, ,554, ,13.9, ,70.5, ,50.1, ,60.4, ,93, ,61, ,77, ,53.3, ,4.3, ,103.8, ,63.2, 
147,3/28/2016,88,0.12, ,0.03, ,326, ,11.4, ,64.5, ,51.9, ,58.0, ,82, ,58, ,69, ,48.1, ,7.4,R,177.0,R,63.4, 
147,3/29/2016,89,0.14, ,0.05, ,443, ,8.8, ,63.6, ,48.2, ,54.9, ,86, ,43, ,60, ,41.3, ,6.0,Y,145.2,Y,61.8, 
147,3/30/2016,90,0.11, ,0.05,H,387, ,9.7, ,62.6, ,47.1, ,53.9, ,89, ,51, ,69, ,43.9, ,4.4, ,105.9, ,61.2, 
147,3/31/2016,91,0.17, ,0.01, ,584, ,10.9, ,68.1, ,43.6, ,55.7, ,91, ,45, ,72, ,46.7, ,4.5, ,109.1, ,61.4, 
147,4/1/2016,92,0.17, ,0.04, ,565, ,12.4, ,69.2, ,48.7, ,58.3, ,92, ,55, ,74, ,50.2, ,4.6, ,110.2, ,61.9, 
147,4/2/2016,93,0.18, ,0, ,585, ,13.8, ,75.3, ,49.8, ,61.6, ,93, ,50, ,74, ,53.2, ,4.0, ,95.4, ,62.9, 
147,4/3/2016,94,0.19, ,0, ,589, ,13.3, ,78.2, ,49.9, ,62.7, ,93, ,42, ,69, ,52.2, ,4.0, ,96.0, ,63.7, 
147,4/4/2016,95,0.19, ,0.02, ,597, ,12.6, ,78.4, ,47.1, ,62.9, ,94, ,41, ,64, ,50.6, ,3.2, ,77.7, ,63.8, 
147,4/5/2016,96,0.16, ,0, ,464, ,11.1, ,80.2, ,50.6, ,64.0, ,84, ,30, ,54, ,47.2, ,3.8, ,90.3, ,64.0, 
147,4/6/2016,97,0.12, ,0.00, ,352, ,13.0, ,83.2, ,52.8, ,63.6, ,85, ,27, ,65, ,51.5, ,4.1, ,97.9, ,64.1, 
147,4/7/2016,98,0.02, ,0.29, ,115, ,15.6, ,65.7, ,57.5, ,61.3, ,93, ,72, ,84, ,56.5, ,3.0, ,71.3, ,64.2, 
147,4/8/2016,99,0.06,R,0.07, ,248, ,15.8,Y,68.9, ,56.8, ,60.7, ,95, ,73, ,87,Y,56.8,Y,2.9, ,70.3, ,64.4, 
147,4/9/2016,100,0.09, ,0.03, ,304, ,13.9, ,68.3, ,52.8, ,61.2, ,94, ,56, ,75, ,53.4, ,4.8, ,114.6, ,64.1, 
147,4/10/2016,101,0.14, ,0.37, ,459, ,14.0, ,69.4, ,55.1, ,60.9, ,93, ,57, ,76, ,53.5, ,5.0, ,119.1, ,63.9, 
147,4/11/2016,102,0.14, ,0, ,472, ,13.8, ,69.9, ,54.1, ,61.5, ,91, ,60, ,74, ,53.2, ,4.2, ,99.7, ,64.2, 
147,4/12/2016,103,0.17, ,0, ,589, ,14.4, ,70.6, ,55.1, ,61.6, ,91, ,63, ,77, ,54.4, ,4.1, ,98.4, ,64.9, 
147,4/13/2016,104,0.17, ,0, ,561, ,14.2, ,70.1, ,56.7, ,62.3, ,88, ,61, ,74, ,53.9, ,3.6, ,86.9, ,65.8, 
147,4/14/2016,105,0.19, ,0, ,605, ,13.3, ,71.1, ,53.3, ,61.7, ,86, ,55, ,71, ,52.1, ,4.3, ,103.0, ,66.2, 
147,4/15/2016,106,0.18, ,0, ,606, ,11.5, ,69.6, ,49.8, ,59.8, ,90, ,49, ,66, ,48.3, ,4.7, ,112.7, ,65.8, 
147,4/16/2016,107,0.24, ,0, ,657, ,6.5,Y,80.0, ,48.7, ,65.7, ,80, ,12, ,30,Y,33.6,Y,5.7, ,136.2, ,65.3, 
147,4/17/2016,108,0.26,R,0, ,659, ,6.4,Y,87.2,Y,51.2, ,69.8,Y,53, ,9, ,26,Y,33.0,Y,5.2, ,124.0, ,65.1, 
147,4/18/2016,109,0.27,R,0.02, ,655, ,5.6,R,90.0,Y,55.5, ,73.0,Y,49, ,8, ,--,R,--,I,5.7, ,136.6, ,64.8, 
147,4/19/2016,110,0.27,R,0, ,651, ,6.2,Y,89.6,Y,58.7, ,73.8,Y,37,H,11,H,22,Y,32.5,Y,5.5, ,131.2, ,65.2, 
147,4/20/2016,111,0.26,R,0, ,660, ,6.5,Y,87.6,Y,54.9, ,72.0,Y,45, ,11, ,24,Y,33.6,Y,4.9, ,117.7, ,65.6, 
147,4/21/2016,112,0.23, ,0, ,651, ,10.6, ,79.5, ,51.8, ,66.8, ,82, ,23, ,47, ,46.0, ,4.8, ,116.1, ,65.6, 
147,4/22/2016,113,0.20, ,0.02, ,640, ,14.8, ,75.0, ,53.0, ,64.5, ,89, ,58, ,72, ,55.1, ,5.0, ,119.7, ,65.8, 
147,4/23/2016,114,0.19, ,0, ,608, ,13.6, ,71.7, ,55.1, ,63.8, ,88, ,44, ,67, ,52.7, ,4.4, ,106.3, ,66.2, 
147,4/24/2016,115,0.21, ,0.00, ,617, ,13.5, ,74.1, ,51.7, ,62.2, ,89, ,51, ,70, ,52.5, ,6.3, ,151.2, ,66.0, 
147,4/25/2016,116,0.18, ,0.02, ,534, ,10.8, ,63.6, ,52.3, ,58.1, ,79, ,54, ,66, ,46.7, ,7.2,Y,171.9,Y,65.3, 
147,4/26/2016,117,0.20, ,0, ,638, ,10.8, ,68.9, ,49.4, ,59.1, ,80, ,46, ,63, ,46.6, ,4.6, ,111.2, ,64.8, 
147,4/27/2016,118,0.21, ,0.04, ,635, ,12.2, ,70.8, ,48.1, ,59.5, ,84, ,56, ,70, ,49.8, ,6.9,Y,164.9,Y,64.6, 
147,4/28/2016,119,0.14, ,0.00, ,431, ,11.1, ,65.6, ,51.1, ,57.8, ,79, ,56, ,68, ,47.3, ,5.6, ,133.2, ,64.4, 
147,4/29/2016,120,0.19, ,0.03, ,631, ,12.5, ,69.7, ,49.4, ,59.8, ,87, ,55, ,71, ,50.4, ,5.0, ,118.8, ,64.6, 
147,4/30/2016,121,0.13, ,0.02, ,429, ,12.4, ,69.4, ,54.0, ,59.4, ,89, ,53, ,72, ,50.3, ,6.0, ,143.2, ,64.7, 
147,5/1/2016,122,0.18, ,0, ,582, ,13.1, ,69.6, ,51.2, ,60.2, ,90, ,58, ,74, ,51.8, ,4.1, ,99.3, ,65.1, 
147,5/2/2016,123,0.21, ,0.00, ,649, ,14.3, ,75.0, ,51.5, ,62.3, ,91, ,53, ,75, ,54.1, ,4.5, ,108.2, ,65.4, 
147,5/3/2016,124,0.20, ,0, ,654, ,15.2, ,72.9, ,53.0, ,62.9, ,93, ,60, ,78, ,55.8, ,4.1, ,98.8, ,66.2, 
147,5/4/2016,125,0.17, ,0, ,546, ,14.3, ,70.0, ,56.9, ,62.0, ,89, ,64, ,76, ,54.2, ,4.0, ,96.5, ,67.0, 
147,5/5/2016,126,0.09, ,0.01, ,288, ,12.5, ,67.7, ,57.4, ,61.6, ,89, ,54, ,67, ,50.5, ,4.6, ,110.2, ,66.6, 
147,5/6/2016,127,0.13, ,0.71, ,458, ,13.9, ,67.4, ,54.6, ,59.0, ,93, ,60, ,81, ,53.3, ,4.4, ,104.5, ,65.8, 
147,5/7/2016,128,0.13, ,0, ,434, ,13.3, ,68.7, ,54.2, ,60.1, ,89, ,57, ,75, ,52.1, ,4.2, ,101.1, ,65.9, 
147,5/8/2016,129,0.12, ,0, ,420, ,13.3, ,68.2, ,53.7, ,61.1, ,91, ,58, ,72, ,52.1, ,4.0, ,96.4, ,66.0, 
147,5/9/2016,130,0.12, ,0, ,408, ,13.9, ,68.8, ,54.7, ,62.0, ,87, ,62, ,73, ,53.4, ,3.8, ,91.6, ,66.1, 
147,5/10/2016,131,0.20, ,0, ,641, ,14.3, ,70.8, ,59.1, ,63.6, ,81, ,59, ,71, ,54.1, ,4.2, ,99.8, ,66.7, 
147,5/11/2016,132,0.19, ,0.01, ,601, ,15.4, ,74.5, ,59.8, ,64.7, ,88, ,57, ,74, ,56.1, ,4.0, ,96.9, ,67.6, 
147,5/12/2016,133,0.20, ,0, ,631, ,15.8, ,73.0, ,56.3, ,64.2, ,89, ,64, ,77, ,56.9, ,3.8, ,92.1, ,68.3, 
147,5/13/2016,134,0.20, ,0.01, ,655, ,15.2, ,71.3, ,55.9, ,62.9, ,92, ,63, ,78, ,55.8, ,4.5, ,107.9, ,68.4, 
147,5/14/2016,135,0.02, ,0, ,112, ,14.5, ,62.3, ,58.5, ,59.9, ,88, ,78, ,82, ,54.4, ,3.6, ,85.5, ,67.9, 
147,5/15/2016,136,0.08, ,0, ,273, ,14.2, ,69.1, ,58.1, ,61.6, ,89, ,64, ,76, ,54.0, ,5.8, ,138.4, ,67.0, 
147,5/16/2016,137,0.08, ,0, ,280, ,14.0, ,68.1, ,57.5, ,61.1, ,88, ,64, ,76, ,53.6, ,4.4, ,105.0, ,66.7, 
147,5/17/2016,138,0.04, ,0, ,176, ,14.6, ,65.9, ,59.3, ,61.3, ,87, ,66, ,79, ,54.6, ,3.2, ,76.5, ,66.7, 
147,5/18/2016,139,0.19, ,0, ,603, ,15.8, ,73.1, ,59.3, ,64.5, ,89, ,63, ,76, ,56.9, ,4.2, ,101.7, ,67.2, 
147,5/19/2016,140,0.18, ,0, ,583, ,15.6, ,71.7, ,58.3, ,63.0, ,91, ,65, ,79, ,56.5, ,4.3, ,102.5, ,68.2, 
147,5/20/2016,141,0.20, ,0, ,633, ,12.2, ,66.6, ,55.5, ,60.4, ,80, ,60, ,68, ,49.8, ,6.3,Y,152.2,Y,68.0, 
147,5/21/2016,142,0.21, ,0, ,650, ,10.8, ,66.9, ,53.0, ,59.1, ,81, ,48, ,63, ,46.6, ,5.0, ,121.1, ,67.3, 
147,5/22/2016,143,0.20, ,0, ,681, ,12.0, ,68.1, ,52.4, ,59.2, ,87, ,57, ,70, ,49.3, ,5.2, ,125.6, ,67.3, 
147,5/23/2016,144,0.19, ,0.03, ,590, ,11.9, ,67.5, ,51.7, ,59.1, ,90, ,55, ,69, ,49.1, ,5.6, ,134.3, ,67.0, 
147,5/24/2016,145,0.20, ,0, ,609, ,12.4, ,69.0, ,55.6, ,61.5, ,79, ,51, ,66, ,50.2, ,5.0, ,119.9, ,67.0, 
147,5/25/2016,146,0.17, ,0.02, ,540, ,12.6, ,68.0, ,52.2, ,60.2, ,90, ,54, ,71, ,50.7, ,5.1, ,122.7, ,66.9, 
147,5/26/2016,147,0.16, ,0, ,533, ,13.5, ,68.4, ,52.8, ,61.2, ,85, ,62, ,73, ,52.5, ,4.5, ,108.5, ,66.9, 
147,5/27/2016,148,0.16, ,0, ,511, ,14.7, ,71.2, ,56.8, ,62.7, ,84, ,63, ,76, ,54.9, ,4.0, ,95.3, ,67.9, 
147,5/28/2016,149,0.06, ,0.04, ,238, ,15.1, ,70.1, ,55.3, ,60.5, ,94, ,67, ,84, ,55.7, ,3.3, ,79.5, ,67.8, 
147,5/29/2016,150,0.03, ,0.04, ,162, ,15.5, ,64.4, ,57.4, ,60.6, ,96, ,74, ,86, ,56.4, ,3.3, ,79.3, ,67.4, 
147,5/30/2016,151,0.13, ,0, ,444, ,15.9, ,71.2, ,58.9, ,63.4, ,95, ,65, ,80, ,57.0, ,3.6, ,86.4, ,67.5, 
147,5/31/2016,152,0.06, ,0, ,242, ,16.0, ,67.6, ,60.2, ,62.5, ,90, ,74, ,83, ,57.2, ,3.3, ,79.6, ,68.0, 
147,6/1/2016,153,0.12, ,0, ,432, ,16.3, ,70.6, ,59.5, ,63.0, ,93, ,67, ,83, ,57.8, ,3.5, ,83.0, ,68.1, 
147,6/2/2016,154,0.23, ,0, ,699, ,17.0, ,82.2, ,55.0, ,67.4, ,93, ,52, ,74, ,58.9, ,3.5, ,83.5, ,68.9, 
147,6/3/2016,155,0.23, ,0, ,679, ,17.2, ,86.2,Y,57.8, ,68.3, ,97, ,44, ,73, ,59.2, ,3.0, ,72.2, ,70.1, 
147,6/4/2016,156,0.23, ,0, ,716, ,16.7, ,79.3, ,55.3, ,66.1, ,95, ,54, ,76, ,58.4, ,3.3, ,79.3, ,70.3, 
147,6/5/2016,157,0.20, ,0, ,638, ,16.7, ,75.3, ,59.1, ,65.1, ,96, ,61, ,79, ,58.5, ,3.5, ,84.1, ,70.7, 
147,6/6/2016,158,0.22, ,0, ,670, ,15.6, ,73.5, ,59.5, ,64.9, ,91, ,59, ,74, ,56.5, ,4.0, ,96.7, ,70.7, 
147,6/7/2016,159,0.18, ,0, ,580, ,15.4, ,71.7, ,60.4, ,64.1, ,83, ,63, ,75, ,56.2, ,4.1, ,97.6, ,70.5, 
147,6/8/2016,160,0.19, ,0.00, ,604, ,16.1, ,73.4, ,60.8, ,65.0, ,84, ,64, ,76, ,57.4, ,4.0, ,95.8, ,70.6, 
147,6/9/2016,161,0.17, ,0, ,120, ,16.1, ,68.5, ,--,S,63.3, ,88, ,61, ,81, ,57.4, ,3.2, ,76.6, ,71.3, 
147,6/10/2016,162,0.19, ,0.01, ,599, ,16.2, ,73.3, ,61.1, ,65.6, ,89, ,60, ,75, ,57.6, ,4.1, ,98.5, ,71.0, 
147,6/11/2016,163,0.08, ,0, ,236, ,14.8, ,69.5, ,61.3, ,64.5, ,82, ,63, ,71, ,55.0, ,5.5, ,132.2, ,70.5, 
147,6/12/2016,164,0.14, ,0, ,453, ,14.1, ,69.9, ,56.5, ,62.3, ,85, ,59, ,73, ,53.7, ,4.1, ,98.7, ,69.7, 
147,6/13/2016,165,0.20, ,0, ,617, ,14.0, ,72.9, ,57.8, ,64.2, ,79, ,54, ,68, ,53.5, ,4.5, ,108.5, ,69.8, 
147,6/14/2016,166,0.18, ,0, ,563, ,15.4, ,71.8, ,60.0, ,64.3, ,84, ,64, ,75, ,56.1, ,4.4, ,105.1, ,70.2, 
147,6/15/2016,167,0.22, ,0, ,685, ,14.3, ,71.7, ,59.8, ,64.0, ,86, ,57, ,70, ,54.2, ,4.9, ,117.5, ,70.8, 
147,6/16/2016,168,0.24, ,0, ,706, ,13.4, ,77.8, ,54.6, ,67.3, ,87, ,41, ,59, ,52.4, ,4.1, ,99.0, ,71.5, 
147,6/17/2016,169,0.27, ,0.01, ,718, ,13.1,Y,87.0,Y,55.9, ,72.3,Y,78, ,31, ,48,Y,51.7,Y,4.3, ,103.9, ,72.1, 
147,6/18/2016,170,0.21, ,0, ,527, ,13.4, ,88.7,Y,57.4, ,74.3,Y,72,H,30,H,46,Y,52.3,Y,3.8, ,92.1, ,72.5, 
147,6/19/2016,171,0.21,H,0, ,692, ,12.6,Y,98.9,R,65.6,Y,--,S,60,H,46,H,--,Q,--,Q,4.0, ,95.4, ,73.5, 
147,6/20/2016,172,0.24,R,0.02, ,692, ,12.9,Y,--,S,65.7,Y,--,S,64,H,25,H,--,Q,--,Q,3.9, ,93.7, ,74.6, 
147,6/21/2016,173,0.15,R,0, ,419, ,17.9, ,81.3, ,65.7,Y,72.6, ,82, ,56, ,65, ,60.3, ,3.8, ,92.3, ,74.5, 
147,6/22/2016,174,0.22, ,0.01,H,625, ,19.1, ,81.7, ,63.3, ,71.5, ,88, ,59, ,73, ,62.2, ,3.9, ,93.1, ,74.3, 
147,6/23/2016,175,0.23, ,0, ,679, ,18.1, ,77.7, ,61.0, ,69.2, ,90, ,60, ,74, ,60.7, ,4.2, ,100.3, ,74.9, 
147,6/24/2016,176,0.22, ,0, ,678, ,17.6, ,76.4, ,61.0, ,66.8, ,93, ,61, ,78, ,59.8, ,3.9, ,94.0, ,74.6, 
147,6/25/2016,177,0.23, ,0, ,684, ,17.1, ,76.0, ,60.8, ,67.5, ,88, ,61, ,74, ,59.0, ,4.3, ,102.1, ,74.7, 
147,6/26/2016,178,0.23, ,0, ,670, ,18.1, ,78.4, ,60.0, ,69.5, ,90, ,60, ,73, ,60.7, ,3.7, ,87.7, ,74.6, 
147,6/27/2016,179,0.24, ,0, ,668, ,18.7, ,85.5, ,63.1, ,72.9, ,93, ,44, ,68, ,61.6, ,3.4, ,82.5, ,75.2, 
147,6/28/2016,180,0.23, ,0, ,670, ,19.7, ,82.0, ,61.7, ,71.2, ,95, ,56, ,75, ,63.0, ,3.7, ,87.9, ,75.4, 
147,6/29/2016,181,0.24, ,0, ,676, ,19.8, ,84.1, ,63.6, ,71.0, ,98, ,54, ,76, ,63.3, ,3.7, ,88.0, ,75.8, 
147,6/30/2016,182,0.21, ,0, ,642, ,18.6, ,77.5, ,63.8, ,68.7, ,91, ,62, ,78, ,61.4, ,3.9, ,92.6, ,75.7, 
147,7/1/2016,183,0.21, ,0, ,648, ,17.3, ,74.3, ,60.9, ,67.4, ,87, ,63, ,76, ,59.4, ,4.2, ,99.7, ,75.4, 
147,7/2/2016,184,0.22, ,0, ,665, ,16.2, ,76.2, ,60.0, ,66.9, ,84, ,58, ,72, ,57.5, ,4.1, ,98.0, ,75.2, 
147,7/3/2016,185,0.22, ,0, ,677, ,16.2, ,75.5, ,60.6, ,67.0, ,82, ,62, ,72, ,57.6, ,4.2, ,101.5, ,75.0, 
147,7/4/2016,186,0.23, ,0.02, ,678, ,16.6, ,77.3, ,58.9, ,67.2, ,90, ,57, ,73, ,58.3, ,4.4, ,104.7, ,74.7, 
147,7/5/2016,187,0.22, ,0, ,672, ,16.6, ,75.4, ,64.5, ,68.6, ,81, ,58, ,70, ,58.2, ,4.3, ,103.7, ,75.0, 
147,7/6/2016,188,0.23, ,0, ,669, ,16.6, ,77.8, ,61.6, ,68.3, ,85, ,54, ,70, ,58.2, ,4.1, ,98.5, ,75.2, 
147,7/7/2016,189,0.22, ,0, ,665, ,16.7, ,78.5, ,61.6, ,67.8, ,87, ,55, ,72, ,58.4, ,3.8, ,91.6, ,75.3, 
147,7/8/2016,190,0.23, ,0, ,691, ,17.5, ,79.7, ,61.6, ,68.8, ,89, ,54, ,73, ,59.8, ,3.8, ,91.6, ,75.3, 
147,7/9/2016,191,0.23, ,0, ,665, ,18.3, ,81.4, ,59.7, ,69.5, ,93, ,54, ,74, ,61.0, ,3.8, ,90.7, ,75.3, 
147,7/10/2016,192,0.24, ,0, ,678, ,18.3, ,81.3, ,63.3, ,70.8, ,91, ,46, ,71, ,61.0, ,3.9, ,94.3, ,75.8, 
147,7/11/2016,193,0.23, ,0, ,683, ,17.1, ,78.0, ,59.9, ,68.2, ,91, ,55, ,72, ,59.0, ,4.3, ,104.0, ,75.8, 
147,7/12/2016,194,0.23, ,0, ,677, ,16.4, ,77.0, ,58.7, ,67.4, ,88, ,53, ,72, ,57.9, ,3.8, ,90.7, ,75.5, 
147,7/13/2016,195,0.22, ,0, ,669, ,17.6, ,81.6, ,58.6, ,67.9, ,92, ,56, ,75, ,59.9, ,3.9, ,94.0, ,75.4, 
147,7/14/2016,196,0.22, ,0, ,637, ,19.0, ,82.5, ,60.4, ,69.8, ,94, ,55, ,76, ,62.1, ,3.8, ,91.5, ,75.4, 
147,7/15/2016,197,0.22, ,0, ,653, ,19.4, ,80.7, ,62.7, ,70.3, ,94, ,57, ,76, ,62.6, ,4.1, ,99.6, ,75.6, 
147,7/16/2016,198,0.22, ,0, ,660, ,18.5, ,78.7, ,62.7, ,69.9, ,89, ,61, ,74, ,61.3, ,3.9, ,92.6, ,76.1, 
147,7/17/2016,199,0.22, ,0, ,650, ,18.4, ,78.9, ,63.3, ,69.7, ,89, ,60, ,74, ,61.1, ,3.9, ,92.9, ,76.2, 
147,7/18/2016,200,0.23, ,0.00, ,665, ,18.3, ,79.2, ,62.1, ,70.0, ,92, ,56, ,73, ,60.9, ,3.7, ,89.7, ,76.0, 
147,7/19/2016,201,0.23, ,0.03, ,668, ,19.7, ,83.2, ,62.0, ,72.0, ,91, ,56, ,73, ,63.0, ,4.1, ,97.5, ,76.1, 
147,7/20/2016,202,0.24, ,0, ,640, ,20.1, ,90.7, ,65.0, ,76.0, ,92, ,41, ,66, ,63.7, ,3.8, ,90.6, ,76.4, 
147,7/21/2016,203,0.26,R,0, ,663, ,20.0, ,92.2,Y,65.3, ,77.6,Y,91, ,38, ,62,Y,63.5,Y,3.5, ,84.8, ,77.1, 
147,7/22/2016,204,0.26,R,0, ,674, ,17.8, ,95.4,Y,64.3, ,79.7,Y,92,H,29,H,52,Y,60.2,Y,3.4, ,81.0, ,77.0, 
147,7/23/2016,205,0.25,R,0, ,657, ,19.2, ,91.5,Y,64.4, ,77.3,Y,89, ,37, ,60,Y,62.3,Y,3.7, ,89.6, ,77.3, 
147,7/24/2016,206,0.23, ,0, ,642, ,20.7, ,85.5, ,65.2, ,74.8, ,91, ,52, ,70, ,64.4, ,3.9, ,94.7, ,77.3, 
147,7/25/2016,207,0.13, ,0, ,386, ,21.6, ,82.5, ,67.2, ,73.1, ,93, ,58, ,77, ,65.6, ,3.2, ,77.6, ,77.2, 
147,7/26/2016,208,0.23,R,0, ,638, ,21.1, ,86.4, ,66.4, ,75.5, ,92, ,48, ,70, ,65.1, ,3.5, ,83.1, ,77.2, 
147,7/27/2016,209,0.23, ,0, ,629, ,20.2, ,86.5, ,66.1, ,75.7, ,94, ,43, ,67, ,63.8, ,3.4, ,80.7, ,77.3, 
147,7/28/2016,210,0.24, ,0, ,632, ,20.2, ,88.1, ,67.4, ,76.2,Y,94, ,35, ,65,Y,63.7,Y,3.6, ,85.6, ,77.3, 
147,7/29/2016,211,0.22, ,0, ,614, ,21.3, ,82.3, ,65.9, ,73.1, ,93, ,61, ,76, ,65.2, ,3.6, ,86.6, ,77.3, 
147,7/30/2016,212,0.19, ,0, ,543, ,20.5, ,84.7, ,64.7, ,73.5, ,91, ,53, ,73, ,64.2, ,3.6, ,86.1, ,77.0, 
147,7/31/2016,213,0.21, ,0, ,603, ,20.8, ,83.2, ,67.5, ,73.5, ,88, ,55, ,74, ,64.6, ,3.8, ,90.8, ,77.2, 
147,8/1/2016,214,0.22, ,0, ,604, ,20.4, ,82.2, ,65.7, ,73.1, ,91, ,55, ,73, ,64.1, ,3.7, ,89.9, ,78.0, 
147,8/2/2016,215,0.22, ,0, ,592, ,20.4, ,85.2, ,66.3, ,73.3, ,91, ,52, ,73, ,64.1, ,4.2, ,99.8, ,78.3, 
147,8/3/2016,216,0.22, ,0, ,622, ,19.4, ,80.6, ,64.0, ,71.3, ,91, ,57, ,74, ,62.6, ,3.8, ,91.4, ,77.9, 
147,8/4/2016,217,0.22, ,0, ,615, ,19.3, ,79.5, ,67.2, ,72.1, ,82, ,58, ,72, ,62.5, ,3.9, ,93.7, ,78.0, 
147,8/5/2016,218,0.21, ,0, ,590, ,19.8, ,78.4, ,68.5,Y,72.2, ,81, ,63, ,73, ,63.2, ,4.3, ,104.3, ,78.4, 
147,8/6/2016,219,0.20, ,0, ,583, ,19.5, ,79.1, ,65.9, ,71.3, ,84, ,63, ,75, ,62.8, ,4.6, ,110.2, ,78.5, 
147,8/7/2016,220,0.21, ,0, ,595, ,19.0, ,80.1, ,65.9, ,70.5, ,86, ,61, ,74, ,62.0, ,4.1, ,97.8, ,78.4, 
147,8/8/2016,221,0.19, ,0.01, ,565, ,18.7, ,77.1, ,64.6, ,68.9, ,87, ,65, ,77, ,61.6, ,4.3, ,102.8, ,77.8, 
147,8/9/2016,222,0.22, ,0, ,643, ,17.2, ,76.6, ,62.0, ,68.7, ,88, ,57, ,72, ,59.3, ,4.0, ,95.2, ,77.1, 
147,8/10/2016,223,0.22, ,0.01, ,636, ,17.8, ,79.7, ,60.6, ,69.3, ,90, ,53, ,73, ,60.1, ,4.3, ,103.5, ,76.5, 
147,8/11/2016,224,0.20, ,0.00, ,592, ,18.8, ,79.4, ,65.9, ,70.7, ,84, ,61, ,73, ,61.8, ,4.1, ,97.6, ,77.1, 
147,8/12/2016,225,0.22, ,0, ,612, ,20.0, ,82.2, ,64.9, ,72.7, ,88, ,57, ,73, ,63.4, ,3.7, ,88.3, ,77.2, 
147,8/13/2016,226,0.23, ,0, ,623, ,20.7, ,85.8, ,66.3, ,74.7, ,90, ,51, ,70, ,64.4, ,3.6, ,85.7, ,77.7, 
147,8/14/2016,227,0.23, ,0, ,623, ,21.6, ,89.2, ,65.9, ,76.4, ,93, ,43, ,69, ,65.7, ,3.4, ,81.0, ,78.1, 
147,8/15/2016,228,0.25,R,0, ,624, ,21.3, ,96.1,Y,67.6, ,79.1,Y,93, ,35, ,63,Y,65.2,Y,3.5, ,85.1, ,78.6,Y
147,8/16/2016,229,0.23, ,0, ,612, ,20.2, ,92.8,Y,63.4, ,76.8, ,92, ,39, ,64, ,63.8, ,3.3, ,79.2, ,78.2, 
147,8/17/2016,230,0.24, ,0.00, ,624, ,18.8, ,94.3,Y,62.3, ,76.3, ,94, ,33, ,61, ,61.8, ,3.4, ,82.1, ,78.0, 
147,8/18/2016,231,0.22, ,0, ,603, ,20.1, ,84.6, ,64.0, ,72.3, ,96, ,49, ,74, ,63.6, ,3.7, ,87.9, ,78.2, 
147,8/19/2016,232,0.21, ,0, ,596, ,20.0, ,83.9, ,64.1, ,71.9, ,94, ,50, ,75, ,63.5, ,3.9, ,93.6, ,77.7, 
147,8/20/2016,233,0.21, ,0, ,595, ,19.9, ,82.5, ,65.2, ,72.1, ,89, ,57, ,74, ,63.3, ,4.0, ,95.5, ,77.7, 
147,8/21/2016,234,0.20, ,0, ,570, ,19.8, ,83.6, ,63.8, ,71.9, ,93, ,54, ,74, ,63.2, ,3.4, ,81.6, ,77.4, 
147,8/22/2016,235,0.21, ,0, ,597, ,19.7, ,81.4, ,62.6, ,70.7, ,94, ,54, ,77, ,63.0, ,3.6, ,86.0, ,77.6, 
147,8/23/2016,236,0.20, ,0.00, ,602, ,18.7, ,80.5, ,59.5, ,69.1, ,96, ,53, ,77, ,61.5, ,3.4, ,81.3, ,76.8, 
147,8/24/2016,237,0.19, ,0, ,542, ,19.9, ,82.5, ,64.3, ,71.2, ,93, ,54, ,76, ,63.3, ,3.4, ,81.4, ,76.9, 
147,8/25/2016,238,0.19, ,0, ,555, ,18.9, ,78.8, ,62.1, ,69.0, ,93, ,60, ,78, ,61.8, ,3.7, ,88.5, ,77.1, 
147,8/26/2016,239,0.16, ,0, ,497, ,16.5, ,75.3, ,61.6, ,66.6, ,91, ,58, ,74, ,58.0, ,3.4, ,81.1, ,76.2, 
147,8/27/2016,240,0.16, ,0, ,481, ,16.5, ,77.2, ,64.0, ,68.4, ,81, ,59, ,70, ,58.1, ,3.0, ,72.7, ,75.8, 
147,8/28/2016,241,0.19, ,0, ,556, ,19.0, ,80.6, ,62.0, ,70.0, ,93, ,58, ,76, ,62.0, ,3.6, ,86.5, ,75.8, 
147,8/29/2016,242,0.19, ,0, ,545, ,20.8, ,85.2, ,64.2, ,71.8, ,97, ,55, ,78, ,64.6, ,3.3, ,78.5, ,76.5, 
147,8/30/2016,243,0.19, ,0, ,548, ,20.7, ,83.6, ,64.7, ,72.4, ,97, ,55, ,76, ,64.4, ,3.2, ,76.7, ,76.9, 
147,8/31/2016,244,0.20, ,0.03, ,572, ,20.8, ,85.7, ,63.3, ,72.9, ,95, ,49, ,75, ,64.6, ,3.2, ,78.0, ,76.7, 
147,9/1/2016,245,0.18, ,0, ,534, ,20.2, ,79.3, ,62.9, ,69.3, ,98, ,65, ,83, ,63.8, ,3.2, ,76.3, ,77.0, 
147,9/2/2016,246,0.18, ,0, ,538, ,17.5, ,76.9, ,61.7, ,67.0, ,92, ,58, ,77, ,59.7, ,3.8, ,91.0, ,76.3, 
147,9/3/2016,247,0.16, ,0, ,504, ,15.5, ,73.6, ,60.4, ,65.4, ,85, ,58, ,72, ,56.3, ,3.8, ,91.2, ,75.6, 
147,9/4/2016,248,0.17, ,0, ,528, ,14.6, ,74.7, ,60.4, ,66.3, ,80, ,53, ,66, ,54.7, ,3.0, ,73.1, ,75.1, 
147,9/5/2016,249,0.18, ,0, ,551, ,14.8, ,73.6, ,58.6, ,65.2, ,86, ,52, ,69, ,55.0, ,3.3, ,79.8, ,74.7, 
147,9/6/2016,250,0.18, ,0.03, ,567, ,16.3, ,76.9, ,55.2, ,65.8, ,92, ,52, ,75, ,57.8, ,4.0, ,94.9, ,73.9, 
147,9/7/2016,251,0.15, ,0.00, ,477, ,17.9, ,77.0, ,59.0, ,66.7, ,97, ,63, ,80, ,60.4, ,3.3, ,78.8, ,74.0, 
147,9/8/2016,252,0.17, ,0, ,514, ,17.8, ,77.1, ,63.1, ,68.7, ,86, ,61, ,74, ,60.2, ,3.5, ,84.1, ,74.5, 
147,9/9/2016,253,0.19, ,0, ,550, ,18.2, ,81.3, ,63.3, ,70.1, ,90, ,54, ,72, ,60.8, ,3.4, ,82.4, ,74.9, 
147,9/10/2016,254,0.19, ,0, ,551, ,18.9, ,81.6, ,59.8, ,69.7, ,93, ,58, ,76, ,61.9, ,3.3, ,79.0, ,74.9, 
147,9/11/2016,255,0.18, ,0, ,525, ,19.1, ,81.9, ,64.1, ,69.8, ,94, ,56, ,77, ,62.2, ,3.3, ,79.0, ,75.5, 
147,9/12/2016,256,0.15, ,0, ,433, ,15.8, ,73.6, ,63.3, ,66.2, ,82, ,62, ,72, ,56.8, ,4.6, ,110.0, ,75.2, 
147,9/13/2016,257,0.09, ,0, ,272, ,13.9, ,72.1, ,61.7, ,65.2, ,79, ,52, ,66, ,53.4, ,3.7, ,89.9, ,73.9, 
147,9/14/2016,258,0.19, ,0, ,556, ,14.3, ,76.6, ,55.5, ,65.5, ,88, ,48, ,67, ,54.1, ,3.7, ,87.9, ,73.3, 
147,9/15/2016,259,0.19, ,0, ,560, ,14.5, ,80.6, ,54.0, ,65.6, ,89, ,37, ,67, ,54.4, ,4.1, ,98.1, ,73.1, 
147,9/16/2016,260,0.17, ,0, ,507, ,15.7, ,77.0, ,54.5, ,64.7, ,95, ,52, ,75, ,56.6, ,3.7, ,89.4, ,73.1, 
147,9/17/2016,261,0.16, ,0, ,482, ,17.1, ,79.9, ,56.4, ,66.3, ,94, ,50, ,78, ,59.1, ,3.3, ,78.8, ,73.3, 
147,9/18/2016,262,0.18, ,0, ,520, ,17.6, ,83.3, ,57.5, ,70.1, ,93, ,47, ,70, ,59.8, ,3.1, ,73.9, ,73.6, 
147,9/19/2016,263,0.07, ,0, ,197, ,17.9, ,87.3, ,63.6, ,75.4,H,90,H,39,H,60, ,60.4, ,3.3, ,78.1, ,73.9, 
147,9/20/2016,264,0.02, ,0.54, ,77, ,23.7,Y,79.6, ,68.7, ,73.7, ,100, ,57, ,83,Y,68.3,Y,2.4, ,57.3, ,74.3, 
147,9/21/2016,265,0.06, ,0.04, ,213, ,24.8,Y,81.3, ,67.0, ,72.8, ,99, ,76, ,90,Y,69.7,Y,2.8, ,67.4, ,74.8, 
147,9/22/2016,266,0.13, ,0, ,406, ,18.5, ,73.9, ,59.2, ,66.5, ,100, ,61, ,83, ,61.3, ,4.4, ,106.4, ,74.4, 
147,9/23/2016,267,0.18, ,0, ,518, ,14.2, ,77.7, ,56.4, ,66.7, ,94, ,39, ,64, ,53.9, ,4.1, ,98.3, ,73.1, 
147,9/24/2016,268,0.21, ,0, ,521, ,12.0, ,89.7, ,59.7, ,73.0, ,78, ,17, ,43, ,49.3, ,4.5, ,107.2, ,72.8, 
147,9/25/2016,269,0.25, ,0, ,529, ,8.5,Y,98.1,Y,61.5, ,78.6,Y,55, ,7, ,25,Y,40.4,Y,5.3,Y,127.4,Y,72.7, 
147,9/26/2016,270,0.25,R,0.00, ,474, ,9.8,Y,95.0, ,67.9,Y,84.7,R,38,H,14,H,--,R,--,I,5.7,Y,137.4,Y,72.5, 
147,9/27/2016,271,0.18,R,0, ,355, ,13.8, ,91.1, ,70.4,Y,81.7,Y,63,H,26,H,37,Y,53.2,Y,5.4,Y,129.9,Y,73.0, 
147,9/28/2016,272,0.20, ,0, ,459, ,14.9, ,92.3, ,67.3,Y,78.3,Y,65, ,28, ,45,Y,55.3,Y,4.8, ,115.3, ,72.9, 
147,9/29/2016,273,0.19, ,0.02, ,474, ,18.5, ,91.3, ,67.8,Y,78.5,Y,88, ,33, ,56,Y,61.3,Y,3.8, ,91.1, ,73.1, 
147,9/30/2016,274,0.18, ,0.02, ,470, ,20.8, ,89.9, ,66.9, ,78.2,Y,86, ,41, ,63,Y,64.6,Y,3.4, ,80.6, ,73.8, 
147,10/1/2016,275,0.17, ,0, ,481, ,19.2, ,86.4, ,62.8, ,73.1, ,96, ,42, ,69, ,62.3, ,3.2, ,76.5, ,73.8, 
147,10/2/2016,276,0.15, ,0, ,459, ,18.3, ,78.5, ,60.5, ,67.8, ,98, ,57, ,79, ,60.9, ,4.0, ,96.7, ,73.5, 
147,10/3/2016,277,0.15, ,0, ,459, ,14.4, ,75.5, ,56.9, ,65.2, ,88, ,46, ,68, ,54.4, ,4.2, ,100.9, ,72.2, 
147,10/4/2016,278,0.15, ,0.02, ,467, ,15.3, ,75.3, ,55.2, ,65.0, ,87, ,55, ,72, ,55.9, ,4.6, ,111.2, ,71.3, 
147,10/5/2016,279,0.14,A,0,P,420,P,15.5,P,75.1,P,58.0,P,65.0,P,--,M,--,M,--,M,--,M,3.3,P,--,M,71.1,P
147,10/6/2016,280,0.15, ,0.01, ,469, ,15.9, ,80.5, ,54.2, ,66.3, ,93, ,43, ,72, ,57.1, ,4.0, ,95.1, ,70.6, 
147,10/7/2016,281,0.20, ,0.00, ,466, ,9.0, ,91.1, ,54.6, ,72.4, ,93, ,11, ,33, ,41.8, ,4.4, ,106.6, ,70.3, 
147,10/8/2016,282,0.20, ,0, ,477, ,9.3, ,90.4, ,59.5, ,73.5, ,72, ,13, ,33, ,42.6, ,4.5, ,108.3, ,70.1, 
147,10/9/2016,283,0.19, ,0, ,457, ,12.1, ,92.0, ,60.3, ,75.0, ,75, ,17, ,41, ,49.5, ,3.6, ,85.5, ,70.3, 
147,10/10/2016,284,0.17, ,0, ,447, ,16.8, ,94.7,Y,59.3, ,73.6, ,95, ,31, ,60, ,58.6, ,3.6, ,87.4, ,70.6, 
147,10/11/2016,285,0.14, ,0, ,428, ,18.5, ,77.4, ,60.8, ,68.2, ,94, ,64, ,79, ,61.3, ,3.9, ,92.7, ,70.8, 
147,10/12/2016,286,0.11, ,0, ,351, ,17.1, ,75.2, ,57.8, ,66.4, ,88, ,62, ,77, ,59.0, ,3.8, ,90.3, ,70.6, 
147,10/13/2016,287,0.14, ,0, ,442, ,15.8, ,78.3, ,53.3, ,64.0, ,93, ,52, ,78, ,56.8, ,3.6, ,86.8, ,70.1, 
147,10/14/2016,288,0.13, ,0, ,408, ,17.1, ,77.5, ,58.5, ,65.6, ,94, ,58, ,80, ,59.1, ,3.8, ,90.3, ,70.2, 
147,10/15/2016,289,0.13, ,0, ,408, ,17.1, ,77.7, ,59.2, ,66.5, ,93, ,58, ,77, ,59.0, ,4.2, ,99.7, ,70.3, 
147,10/16/2016,290,0.13, ,0, ,387, ,18.1, ,80.1, ,63.9, ,69.7, ,86, ,58, ,73, ,60.7, ,5.0, ,119.5, ,70.6, 
147,10/17/2016,291,0.09, ,0, ,293, ,17.6, ,75.9, ,62.8, ,67.6, ,87, ,66, ,76, ,59.9, ,3.4, ,81.6, ,70.8, 
147,10/18/2016,292,0.14, ,0.01, ,419, ,15.6, ,78.6, ,57.4, ,67.2, ,88, ,47, ,69, ,56.6, ,4.0, ,95.8, ,70.6, 
147,10/19/2016,293,0.14, ,0.00, ,420, ,15.1, ,85.1, ,56.0, ,67.7, ,84, ,34, ,65, ,55.5, ,3.5, ,83.9, ,69.6, 
147,10/20/2016,294,0.21, ,0, ,428, ,6.0,Y,95.9,Y,60.8, ,76.5,Y,44, ,8, ,19,Y,31.6,Y,5.4, ,130.2, ,69.0, 
147,10/21/2016,295,0.19, ,0, ,424, ,6.6, ,92.4, ,62.0, ,76.1,Y,38, ,11, ,21,Y,33.8,Y,4.2, ,100.0, ,68.6, 
147,10/22/2016,296,0.17, ,0, ,415, ,11.2, ,94.6,Y,59.0, ,73.1, ,71, ,17, ,40, ,47.4, ,4.4, ,105.1, ,68.4, 
147,10/23/2016,297,0.08, ,0, ,196, ,13.5, ,92.3, ,59.1, ,72.9, ,86, ,25, ,49, ,52.6, ,3.1, ,73.9, ,68.3, 
147,10/24/2016,298,0.04, ,0.01, ,120, ,17.9, ,81.3, ,60.7, ,69.8, ,97, ,49, ,72, ,60.3, ,2.9, ,68.4, ,68.1, 
147,10/25/2016,299,0.12, ,0, ,385, ,19.2, ,79.3, ,60.8, ,69.2, ,97, ,55, ,79, ,62.4, ,2.8, ,67.8, ,68.6, 
147,10/26/2016,300,0.12, ,0.02, ,387, ,18.7, ,83.3, ,57.5, ,68.4, ,93, ,59, ,79, ,61.6, ,3.2, ,77.8, ,68.6, 
147,10/27/2016,301,0.06,R,0.02, ,197, ,17.4, ,81.8, ,58.6, ,69.3, ,92, ,45, ,71, ,59.5, ,2.3, ,54.5, ,68.4, 
147,10/28/2016,302,0.10, ,0, ,280, ,17.3, ,85.4, ,65.5,Y,72.8, ,89, ,36, ,63, ,59.3, ,3.2, ,77.5, ,68.9, 
147,10/29/2016,303,0.12, ,0, ,342, ,17.3, ,87.9, ,62.5,Y,74.2,Y,80, ,40, ,60,Y,59.5,Y,2.9, ,69.5, ,69.2, 
147,10/30/2016,304,0.07, ,0, ,247, ,18.4,Y,77.4, ,62.3,Y,68.6, ,86, ,66, ,77,Y,61.1,Y,3.3, ,79.7, ,69.5, 
147,10/31/2016,305,0.09,R,0.00, ,301, ,15.9, ,73.5, ,55.2, ,64.1, ,93, ,54, ,78, ,57.0, ,3.2, ,76.9, ,68.9, 
147,11/1/2016,306,0.11, ,0.02, ,365, ,13.1, ,69.7, ,51.0, ,59.9, ,90, ,53, ,74, ,51.7, ,4.4, ,104.7, ,67.3, 
147,11/2/2016,307,0.12, ,0.01, ,379, ,13.8, ,76.4, ,49.9, ,62.7, ,91, ,44, ,71, ,53.1, ,4.4, ,104.5, ,66.7, 
147,11/3/2016,308,0.14, ,0.03, ,366, ,9.2, ,82.7, ,53.9, ,67.8, ,60, ,23, ,39, ,42.3, ,4.2, ,100.3, ,66.2, 
147,11/4/2016,309,0.14, ,0, ,360, ,10.3, ,83.5, ,56.6, ,68.4, ,64, ,25, ,43, ,45.2, ,3.6, ,85.5, ,66.1, 
147,11/5/2016,310,0.13, ,0, ,361, ,12.4, ,84.9, ,54.5, ,67.1, ,94, ,30, ,55, ,50.2, ,3.0, ,71.9, ,66.2, 
147,11/6/2016,311,0.12, ,0, ,362, ,13.2, ,84.2, ,53.3, ,65.9, ,91, ,34, ,61, ,51.9, ,2.8, ,66.4, ,66.3, 
147,11/7/2016,312,0.12, ,0.01, ,356, ,12.0, ,79.9, ,48.8, ,64.3, ,90, ,32, ,58, ,49.3, ,2.7, ,64.1, ,65.8, 
147,11/8/2016,313,0.14, ,0.01, ,349, ,11.4, ,90.4,Y,58.5, ,73.6,Y,57, ,19, ,40,Y,48.1,Y,3.8, ,90.2, ,66.1, 
147,11/9/2016,314,0.18,R,0.02, ,357, ,8.5, ,92.7,Y,63.5,Y,--,S,45,H,14,H,--,Q,--,Q,8.8,R,210.4,R,66.3, 
147,11/10/2016,315,0.18,R,0.00, ,360, ,7.1, ,91.5,Y,66.1,R,--,S,32,H,13,H,--,Q,--,Q,7.2,R,173.2,R,65.8, 
147,11/11/2016,316,0.15,R,0.01, ,347, ,9.4, ,96.1,Y,57.2, ,73.7,Y,49, ,20, ,33,Y,42.8,Y,3.9, ,94.8, ,65.3, 
147,11/12/2016,317,0.12, ,0, ,295, ,11.0, ,96.4,Y,56.4, ,72.1,Y,56,H,24,H,41,Y,47.0,Y,3.3, ,79.4, ,65.2, 
147,11/13/2016,318,0.15,R,0, ,325, ,10.8, ,96.2,Y,62.4,Y,76.8,R,56,H,19,H,--,R,--,I,3.8, ,91.1, ,65.7, 
147,11/14/2016,319,0.16, ,0.01, ,347, ,9.1, ,93.0,Y,61.6,Y,75.0,Y,58, ,15, ,31,Y,42.2,Y,5.0, ,118.9, ,65.1, 
147,11/15/2016,320,0.10, ,0.01, ,298, ,13.8, ,88.3, ,56.1, ,68.6, ,94, ,22, ,58, ,53.1, ,2.9, ,70.1, ,64.7, 
147,11/16/2016,321,0.08, ,0.02, ,291, ,18.2,Y,77.8, ,59.0, ,66.0, ,99, ,63, ,83,Y,60.9,Y,3.1, ,74.7, ,65.3, 
147,11/17/2016,322,0.11, ,0, ,326, ,11.6, ,80.4, ,50.9, ,63.6, ,90, ,21, ,58, ,48.6, ,3.4, ,80.7, ,64.7, 
147,11/18/2016,323,0.14, ,0, ,333, ,5.5, ,84.4, ,53.4, ,66.4, ,49, ,8, ,25, ,29.2, ,3.9, ,93.5, ,63.4, 
147,11/19/2016,324,0.10, ,0, ,223, ,7.2, ,83.2, ,49.3, ,65.6, ,54, ,14, ,33, ,35.9, ,3.8, ,90.9, ,62.2, 
147,11/20/2016,325,0.05, ,0.15, ,157, ,14.9, ,74.2, ,54.5, ,64.1, ,97, ,49, ,73, ,55.2, ,3.0, ,71.2, ,62.8, 
147,11/21/2016,326,0.03, ,0.61, ,163, ,15.9, ,66.2, ,54.4, ,60.5, ,98, ,72, ,88, ,57.0, ,4.3, ,102.3, ,62.9, 
147,11/22/2016,327,0.09, ,0, ,317, ,13.6, ,73.0, ,50.5, ,60.0, ,92, ,51, ,77, ,52.8, ,3.9, ,92.6, ,62.6, 
147,11/23/2016,328,0.09, ,0.00, ,315, ,12.7, ,72.9, ,48.7, ,59.3, ,93, ,50, ,73, ,50.8, ,4.5, ,108.3, ,62.5, 
147,11/24/2016,329,0.12, ,0, ,326, ,8.3, ,82.0, ,49.2, ,63.8, ,87, ,16, ,41, ,39.6, ,4.7, ,112.4, ,62.2, 
147,11/25/2016,330,0.13, ,0, ,326, ,4.7, ,78.7, ,49.8, ,62.7, ,39, ,11, ,24, ,25.7, ,4.6, ,110.0, ,61.2, 
147,11/26/2016,331,0.05, ,0.18, ,150, ,9.5, ,63.0, ,43.1, ,54.1, ,93, ,39, ,67, ,43.2, ,5.1, ,122.3, ,59.9, 
147,11/27/2016,332,0.04, ,0.20, ,194, ,13.0, ,62.9, ,49.4, ,55.1, ,95, ,71, ,87, ,51.5, ,3.8, ,90.6, ,59.8, 
147,11/28/2016,333,0.05, ,0.07, ,208, ,12.9, ,65.0, ,50.5, ,56.0, ,96, ,59, ,84, ,51.4, ,4.1, ,99.2, ,60.2, 
147,11/29/2016,334,0.10, ,0.01, ,321, ,8.5, ,71.3, ,47.0, ,58.0, ,96, ,21, ,52, ,40.3, ,3.7, ,89.6, ,60.4, 
147,11/30/2016,335,0.10, ,0, ,314, ,5.9, ,70.1, ,44.4, ,56.4, ,69, ,19, ,38, ,30.9, ,4.0, ,94.8, ,59.4, 
147,12/1/2016,336,0.07, ,0, ,271, ,10.2, ,64.5, ,45.2, ,55.2, ,88, ,44, ,69, ,45.1, ,3.9, ,93.7, ,58.9, 
147,12/2/2016,337,0.09, ,0, ,305, ,8.7, ,67.7, ,46.6, ,57.3, ,94, ,20, ,54, ,40.9, ,3.5, ,84.9, ,59.8, 
147,12/3/2016,338,0.10, ,0, ,308, ,5.5, ,70.9, ,42.2, ,54.1, ,64, ,17, ,39, ,29.5, ,4.4, ,106.5, ,58.6, 
147,12/4/2016,339,0.11, ,0, ,308, ,6.5, ,77.2, ,44.7, ,58.4, ,74, ,12, ,39, ,33.5, ,4.6, ,111.0, ,58.2, 
147,12/5/2016,340,0.06, ,0, ,234, ,11.0, ,70.3, ,44.3, ,56.7, ,83, ,55, ,70, ,47.2, ,3.7, ,87.8, ,58.4, 
147,12/6/2016,341,0.06, ,0, ,196, ,12.1, ,64.6, ,52.4, ,58.5, ,84, ,61, ,73, ,49.7, ,4.1, ,98.7, ,59.3, 
147,12/7/2016,342,0.06, ,0.00, ,235, ,12.1, ,68.4, ,49.6, ,56.3, ,90, ,55, ,78, ,49.6, ,3.9, ,93.2, ,59.3, 
147,12/8/2016,343,0.08, ,0.02, ,279, ,11.4, ,69.5, ,46.6, ,56.6, ,91, ,42, ,73, ,48.0, ,4.0, ,96.2, ,58.9, 
147,12/9/2016,344,0.06, ,0.02, ,249, ,12.8, ,70.1, ,48.2, ,57.6, ,94, ,55, ,79, ,51.2, ,3.8, ,91.5, ,59.0, 
147,12/10/2016,345,0.05, ,0, ,221, ,14.5, ,68.9, ,52.6, ,58.9, ,95, ,65, ,85, ,54.5, ,3.6, ,86.6, ,60.0, 
147,12/11/2016,346,0.06, ,0, ,226, ,15.1, ,69.5, ,54.5, ,61.0, ,94, ,61, ,82, ,55.6, ,3.1, ,73.9, ,60.9, 
147,12/12/2016,347,0.07, ,0, ,270, ,15.1, ,69.4, ,56.5,Y,61.3, ,92, ,60, ,81, ,55.5, ,3.0, ,71.0, ,61.7, 
147,12/13/2016,348,0.07, ,0.02, ,251, ,12.8, ,72.2, ,48.1, ,58.4, ,97, ,43, ,77, ,51.2, ,2.8, ,67.9, ,61.6,Y
147,12/14/2016,349,0.07, ,0.00, ,267, ,12.5, ,74.8, ,49.4, ,59.3, ,90, ,44, ,72, ,50.4, ,3.4, ,82.7, ,61.0, 
147,12/15/2016,350,0.05, ,0.04, ,154, ,12.3, ,74.6, ,50.1, ,59.6, ,89, ,33, ,70, ,49.9, ,3.2, ,77.3, ,60.5, 
147,12/16/2016,351,0.01, ,0.83, ,45, ,13.9, ,62.1, ,51.8, ,56.6, ,98, ,66, ,89, ,53.3, ,6.1, ,147.0, ,60.5, 
147,12/17/2016,352,0.07, ,0, ,297, ,7.3, ,60.5, ,41.7, ,50.6, ,83, ,34, ,58, ,36.5, ,3.8, ,90.8, ,59.1, 
147,12/18/2016,353,0.09, ,0, ,303, ,4.7, ,64.7, ,39.0, ,49.7, ,62, ,18, ,38, ,25.4, ,4.2, ,99.8, ,57.3, 
147,12/19/2016,354,0.11, ,0, ,305, ,4.1, ,73.0, ,38.8, ,54.7, ,60, ,11, ,28, ,22.5, ,4.4, ,104.5, ,56.1, 
147,12/20/2016,355,0.11, ,0, ,277, ,7.0, ,80.7, ,48.7, ,66.3,Y,54, ,18, ,32,Y,35.5,Y,3.3, ,78.1, ,56.7, 
147,12/21/2016,356,0.05, ,0.35, ,154, ,15.0,Y,79.5, ,59.1,R,66.3,Y,90,H,54,H,68,Y,55.4,Y,3.9, ,94.7, ,59.3, 
147,12/22/2016,357,0.01, ,0.77, ,56, ,16.3,Y,62.5, ,57.5,Y,59.5, ,99, ,80, ,94,Y,57.7,Y,4.7, ,113.0, ,60.1,Y
147,12/23/2016,358,0.02, ,0.02, ,88, ,15.0,Y,62.9, ,56.4,Y,58.6, ,100, ,76, ,89,Y,55.4,Y,5.0, ,119.9, ,60.1,Y
147,12/24/2016,359,0.05, ,0.69, ,163, ,9.9, ,58.0, ,48.1, ,51.6, ,95, ,59, ,76, ,44.4, ,6.0, ,144.4, ,58.5, 
147,12/25/2016,360,0.07, ,0, ,277, ,8.1, ,58.0, ,42.3, ,49.1, ,85, ,46, ,68, ,39.1, ,4.6, ,110.2, ,56.7, 
147,12/26/2016,361,0.08, ,0, ,284, ,7.6, ,67.9, ,39.5, ,52.2, ,88, ,31, ,57, ,37.6, ,3.5, ,83.9, ,56.0, 
147,12/27/2016,362,0.09, ,0, ,291, ,7.8, ,75.5, ,44.6, ,56.8, ,71, ,22, ,49, ,38.0, ,4.1, ,98.2, ,56.2, 
147,12/28/2016,363,0.09, ,0, ,290, ,9.2, ,79.3, ,49.9, ,61.9, ,66, ,26, ,49, ,42.3, ,3.4, ,81.2, ,56.9, 
147,12/29/2016,364,0.11, ,0, ,287, ,8.1, ,85.1,Y,52.8, ,66.2,Y,56, ,15, ,37,Y,38.9,Y,3.4, ,81.0, ,57.7, 
147,12/30/2016,365,0.02, ,0.12, ,68, ,11.5, ,61.7, ,53.7,Y,57.7, ,95, ,45, ,71, ,48.3, ,3.0, ,72.2, ,57.8, 
147,12/31/2016,366,0.01, ,0.70, ,83, ,14.2,Y,61.5, ,49.8, ,56.1, ,99, ,75, ,92,Y,54.0,Y,3.6, ,87.3, ,57.9, 
